Fertilizer,Seed,Quality
Balanced,Bell Peppers:,1.31
Balanced,Jalapeño Peppers:,2.09
Balanced,Cayenne Peppers,2.07
Balanced,Habanero Peppers,3.25
Multinutrient,Bell Peppers:,3.66
Multinutrient,Jalapeño Peppers:,3.4
Multinutrient,Cayenne Peppers,3.26
Multinutrient,Habanero Peppers,0.22
NPK,Bell Peppers:,3.75
NPK,Jalapeño Peppers:,4.94
NPK,Cayenne Peppers,1.53
NPK,Habanero Peppers,2.96
Balanced,Bell Peppers:,2.33
Balanced,Jalapeño Peppers:,1.38
Balanced,Cayenne Peppers,2.87
Balanced,Habanero Peppers,1.43
Multinutrient,Bell Peppers:,3.72
Multinutrient,Jalapeño Peppers:,3.66
Multinutrient,Cayenne Peppers,3.99
Multinutrient,Habanero Peppers,4.42
NPK,Bell Peppers:,3.52
NPK,Jalapeño Peppers:,2.91
NPK,Cayenne Peppers,4.03
NPK,Habanero Peppers,2.41
Balanced,Bell Peppers:,4.36
Balanced,Jalapeño Peppers:,3.66
Balanced,Cayenne Peppers,4.8
Balanced,Habanero Peppers,3.83
Multinutrient,Bell Peppers:,2.83
Multinutrient,Jalapeño Peppers:,4.03
